"Id","metrics/run_14/global/test/auc_roc","metrics/run_14/global/test/f1","metrics/run_14/global/test/gmean","metrics/run_14/global/test/precision","metrics/run_14/global/test/sensitivity","metrics/run_14/global/test/specificity","metrics/run_33/global/test/auc_roc","metrics/run_33/global/test/f1","metrics/run_33/global/test/gmean","metrics/run_33/global/test/precision","metrics/run_33/global/test/sensitivity","metrics/run_33/global/test/specificity","metrics/run_39/global/test/auc_roc","metrics/run_39/global/test/f1","metrics/run_39/global/test/gmean","metrics/run_39/global/test/precision","metrics/run_39/global/test/sensitivity","metrics/run_39/global/test/specificity","metrics/run_42/global/test/auc_roc","metrics/run_42/global/test/f1","metrics/run_42/global/test/gmean","metrics/run_42/global/test/precision","metrics/run_42/global/test/sensitivity","metrics/run_42/global/test/specificity","metrics/run_727/global/test/auc_roc","metrics/run_727/global/test/f1","metrics/run_727/global/test/gmean","metrics/run_727/global/test/precision","metrics/run_727/global/test/sensitivity","metrics/run_727/global/test/specificity","metrics/run_1312/global/test/auc_roc","metrics/run_1312/global/test/f1","metrics/run_1312/global/test/gmean","metrics/run_1312/global/test/precision","metrics/run_1312/global/test/sensitivity","metrics/run_1312/global/test/specificity","metrics/run_1337/global/test/auc_roc","metrics/run_1337/global/test/f1","metrics/run_1337/global/test/gmean","metrics/run_1337/global/test/precision","metrics/run_1337/global/test/sensitivity","metrics/run_1337/global/test/specificity","metrics/run_56709/global/test/auc_roc","metrics/run_56709/global/test/f1","metrics/run_56709/global/test/gmean","metrics/run_56709/global/test/precision","metrics/run_56709/global/test/sensitivity","metrics/run_56709/global/test/specificity","metrics/run_177013/global/test/auc_roc","metrics/run_177013/global/test/f1","metrics/run_177013/global/test/gmean","metrics/run_177013/global/test/precision","metrics/run_177013/global/test/sensitivity","metrics/run_177013/global/test/specificity","metrics/run_241543903/global/test/auc_roc","metrics/run_241543903/global/test/f1","metrics/run_241543903/global/test/gmean","metrics/run_241543903/global/test/precision","metrics/run_241543903/global/test/sensitivity","metrics/run_241543903/global/test/specificity"
"DRGEN-210","0.834060906090609","0.3815280820491639","0.7670617957360719","0.249035244035244","0.8242424242424242","0.7178217821782178","0.8420792079207919","0.3905784882532713","0.7739038270593305","0.2562375854999546","0.8340909090909092","0.7247524752475247","0.8373912391239123","0.39152863201820304","0.7790782714384431","0.2555334607807541","0.8507575757575758","0.7178217821782178","0.8316569156915691","0.3767897906068638","0.7636935199837229","0.2448778089873561","0.8242424242424242","0.7128712871287128","0.8325307530753076","0.38981056110167644","0.7742386573391479","0.25479217309825275","0.8333333333333333","0.7247524752475247","0.8345784578457845","0.3838034592633657","0.7644190281258552","0.25327364284681353","0.8174242424242424","0.7188118811881188","0.8229147914791479","0.3724219321784846","0.7544205932364376","0.2439736767445393","0.7992424242424244","0.7188118811881188","0.8292229222922292","0.3834894725357163","0.7642587891305548","0.2519249257548388","0.8166666666666668","0.7198019801980198","0.8254200420042004","0.36276208453065234","0.744301119762277","0.23731957236567153","0.781060606060606","0.7108910891089109","0.8043654365436543","0.36399203169089944","0.7456438672316922","0.23727059215784338","0.7909090909090909","0.7099009900990099"
"DRGEN-209","0.8377437743774377","0.4934252883613498","0.7281901380342635","0.43168740702022435","0.5878787878787878","0.9108910891089108","0.8457395739573957","0.5119777778353974","0.7574674097650906","0.4342360580595875","0.6424242424242425","0.9039603960396041","0.843373087308731","0.502693642356311","0.7383328865713962","0.4365698263724579","0.6060606060606061","0.910891089108911","0.8446819681968197","0.49240377987172346","0.7331896139106435","0.42440020763550174","0.6083333333333332","0.903960396039604","0.8386438643864386","0.47559033555117863","0.7050766389205239","0.4265073815073815","0.5522727272727272","0.914851485148515","0.8414416441644164","0.48261732491785486","0.7133786232465834","0.4321127483627484","0.5742424242424243","0.9118811881188119","0.8251237623762376","0.4698209998536084","0.7063334776786093","0.41520923520923525","0.5628787878787878","0.910891089108911","0.8448019801980198","0.49211535507503257","0.7224896918425926","0.43456070889894427","0.5803030303030303","0.9118811881188119","0.8431405640564057","0.506918678382564","0.7389172171855022","0.43938039085097913","0.6053030303030302","0.9099009900990099","0.8168316831683169","0.4869201748332183","0.7116729518358753","0.44073926804189956","0.5628787878787878","0.914851485148515"
"DRGEN-208","0.8211646242994206","0.3697507331740224","0.7247149081563256","0.2474788895546846","0.7818181818181819","0.6858934169278996","0.8202918685285457","0.36764696984613277","0.7233228043812078","0.24517015724441021","0.7727272727272727","0.6905825496342738","0.8061128526645769","0.3885243091552941","0.7243154528049469","0.27234018035398866","0.7272727272727273","0.7348354231974922","0.8122078939868909","0.3643569694732485","0.7128722744740358","0.247372839401159","0.7545454545454546","0.6893939393939394","0.80536537000095","0.38028474416575964","0.7188160478323338","0.26448497043891783","0.7272727272727273","0.7246865203761755","0.8272424479908805","0.4291980743195081","0.76384188735048","0.3006582581714041","0.7727272727272727","0.7615987460815047","0.8215802222855514","0.38495728429021236","0.7323420371009487","0.26305810124947576","0.7636363636363637","0.7123301985370951","0.8139444998575092","0.37778974064359344","0.7255733667078645","0.2570443120089009","0.7545454545454546","0.7099921630094044","0.8061152275102119","0.35648582685773","0.7167864261546599","0.23302515573857036","0.790909090909091","0.6551332288401255","0.8177282226655269","0.39416351710823305","0.7342707503857164","0.2736791381342332","0.7727272727272727","0.7192136886102403"
"DRGEN-207","0.8332609005414648","0.5375337599820358","0.7498297727255194","0.4807371794871795","0.6181818181818182","0.9143286311389758","0.8408461574997625","0.5480983456742512","0.7622700812023389","0.4835631087179075","0.6454545454545455","0.9098223615464993","0.8320105443146195","0.532838863768786","0.7477681568077845","0.4779302431314815","0.6272727272727272","0.9086598746081505","0.8191697539659921","0.5536553941957753","0.749778188750079","0.5242324561403509","0.6181818181818182","0.9166013584117032","0.8278777191982523","0.5313578852709286","0.7432010657953168","0.473575656799341","0.6181818181818183","0.9132706374085684","0.8268630664006839","0.5329002833470599","0.7462060196928184","0.4747207032733349","0.6181818181818182","0.9132706374085682","0.8561567873088249","0.5708212872738954","0.7740980287221145","0.5167737379579485","0.6636363636363637","0.9190700104493208","0.8158610002849815","0.5261837247719601","0.7482303139029217","0.4681440117853161","0.6272727272727273","0.9065177638453502","0.8206748123871949","0.5276932719537667","0.7400568921166084","0.4773595848595849","0.609090909090909","0.9132314524555903","0.8168566543174693","0.509874152667256","0.7376048898108597","0.4460307017543859","0.6090909090909091","0.9030041797283177"
"DRGEN-206","0.83000300030003","0.4567890611803655","0.6569366132011234","0.46559246309246316","0.46590909090909094","0.9366336633663368","0.8361911191119112","0.42003926127267094","0.6170481034070674","0.43911976911976913","0.4128787878787879","0.9405940594059405","0.8469884488448844","0.48544106618019667","0.6662869301019173","0.4988070263070263","0.4833333333333334","0.9465346534653465","0.8316756675667566","0.4764018445322794","0.6700389161655931","0.4755982905982906","0.4810606060606061","0.9396039603960397","0.834180918091809","0.4527277493629581","0.6432351240322007","0.47760531951708424","0.44772727272727275","0.9405940594059405","0.8435118511851185","0.4583221850613154","0.6531219349530857","0.472054612054612","0.46818181818181814","0.9376237623762377","0.8212383738373837","0.45486209696736013","0.6462727701476009","0.4763636363636364","0.45606060606060594","0.9415841584158414","0.836003600360036","0.4668464249888398","0.6633652618334878","0.47309714795008906","0.48257575757575755","0.9356435643564357","0.8432043204320433","0.5002929292929292","0.6723246128235539","0.5283621933621933","0.48409090909090907","0.9495049504950496","0.8002775277527754","0.4620193693774256","0.6496288621003263","0.4861771561771562","0.45833333333333337","0.9386138613861386"
"DRGEN-200",,,,,,,,,,,,,,,,,,,,,,,,,,,,,,,,,,,,,,,,,,,,,,,,,,,,,,,,,,,,
"DRGEN-198",,,,,,,,,,,,,,,,,,,,,,,,,,,,,,,,,,,,,,,,,,,,,,,,,,,,,,,,,,,,
"DRGEN-197",,,,,,,,,,,,,,,,,,,,,,,,,,,,,,,,,,,,,,,,,,,,,,,,,,,,,,,,,,,,
"DRGEN-196",,,,,,,,,,,,,,,,,,,,,,,,,,,,,,,,,,,,,,,,,,,,,,,,,,,,,,,,,,,,
"DRGEN-194",,,,,,,,,,,,,,,,,,,,,,,,,,,,,,,,,,,,,,,,,,,,,,,,,,,,,,,,,,,,
"DRGEN-192",,,,,,,,,,,,,,,,,,,,,,,,,,,,,,,,,,,,,,,,,,,,,,,,,,,,,,,,,,,,
"DRGEN-177","0.8273018191317565","0.4306254429864834","0.7473626928537398","0.3148990858149152","0.7181818181818181","0.793234064785789","0.8270198062125962","0.442120380315869","0.7483070316262733","0.32923584697036706","0.7000000000000001","0.8129310344827585","0.8056545074570153","0.43455923096629834","0.7361371044490661","0.3265467486950863","0.6727272727272728","0.8136755485893417","0.8161845730027549","0.45252831492220286","0.7369818364900326","0.35938584892919256","0.6727272727272727","0.8206243469174505","0.8228561081029733","0.4379225525335582","0.7362705169717059","0.33268355821226875","0.6727272727272727","0.8172805642633229","0.8365381875178113","0.4723034832813921","0.7782821118728467","0.3494872470982528","0.7454545454545455","0.8209117032392893","0.8289202764320318","0.4595490242500656","0.7582065475341736","0.34958045256820214","0.7090909090909092","0.8241771159874608","0.836721050631709","0.46661528024911175","0.7643773599746522","0.35565501698911306","0.7181818181818183","0.8243077324973876","0.8203565830721005","0.4419302886611619","0.7504943789385763","0.327896992364033","0.7000000000000001","0.8150208986415883","0.8258454450460719","0.46585428588308775","0.7631276423250525","0.35271062013322074","0.7181818181818183","0.8266457680250785"
"DRGEN-176","0.8360709366391184","0.5381904983735647","0.7250198021768771","0.5173484848484848","0.5727272727272726","0.931478578892372","0.8366872090814098","0.5125178336156597","0.7100544319310301","0.48863636363636365","0.5636363636363637","0.9212382445141065","0.8337833665811722","0.5336823080301341","0.7323424829878622","0.49439393939393933","0.5909090909090908","0.923497910135841","0.8313396504227226","0.5241553568352859","0.717730093190516","0.5209777082222902","0.5636363636363636","0.9200104493207943","0.8294094946328489","0.5258800186372979","0.7116473665084543","0.5028449328449329","0.5636363636363637","0.9303814002089865","0.8260158402203857","0.5264326913022565","0.720609640619188","0.49799575424575426","0.5636363636363635","0.9281217345872518","0.8411655742376745","0.5243260278483446","0.7098924246687718","0.5241800356506239","0.5545454545454546","0.9316353187042841","0.8150464282321648","0.5171219564748977","0.7235919570456153","0.48331836378276005","0.5818181818181818","0.9201933124346919","0.8229220100693455","0.5236643071909309","0.7262117757337412","0.49221330956625076","0.5818181818181817","0.9200888192267502","0.8182572195307305","0.49089945962691167","0.6948110091587001","0.4654532967032967","0.5363636363636364","0.9224007314524556"
"DRGEN-175","0.8276740174017402","0.4069521541260671","0.5861238417113444","0.5255827505827506","0.37803030303030305","0.9524752475247527","0.8374699969996999","0.40298886602695994","0.5756791355979026","0.4723905261405261","0.3787878787878788","0.9544554455445544","0.8441381638163816","0.4093540669856459","0.5771414181233059","0.48758297258297256","0.3598484848484848","0.9594059405940595","0.8256900690069007","0.4169440724394284","0.5950852287740162","0.4808116883116883","0.3825757575757575","0.9524752475247524","0.82995799579958","0.40371158958001063","0.5742032060194276","0.4980311355311355","0.3515151515151515","0.9544554455445546","0.8297742274227422","0.40017316017316007","0.5505753664529606","0.47414141414141414","0.36212121212121207","0.9584158415841584","0.8347997299729972","0.4004826971834644","0.5687337685072957","0.5370917970917971","0.35","0.9603960396039604","0.8426417641764177","0.39165793271056426","0.5658260167471303","0.49789141414141413","0.34242424242424246","0.9544554455445546","0.8314806480648065","0.44273554633697315","0.6096682888802023","0.5016636141636142","0.4037878787878788","0.9554455445544553","0.8043054305430543","0.3888642113035706","0.5675415428194247","0.5133549783549783","0.35227272727272724","0.9514851485148516"
"DRGEN-174","0.8267176717671768","0.4777199044587982","0.6554628712501093","0.5157509157509157","0.46590909090909094","0.9495049504950493","0.8358610861086108","0.47219738154941526","0.6554963346973206","0.48860598465861627","0.47651515151515145","0.9435643564356436","0.8231135613561357","0.44660921957947125","0.6378761648682072","0.45619755244755245","0.45","0.9425742574257427","0.8152190219021902","0.46719348411568085","0.6512332740106921","0.4717249417249417","0.4712121212121211","0.9425742574257425","0.8312706270627063","0.4714498670393398","0.6519953249566195","0.5092052099946838","0.45606060606060606","0.9405940594059405","0.8158265826582658","0.44384637262898136","0.6271375692867531","0.4341630591630592","0.4795454545454546","0.9356435643564357","0.7946932193219322","0.457474025974026","0.6375565215285073","0.5115949410067058","0.4386363636363636","0.9475247524752476","0.8298529852985299","0.4761237651586286","0.6553702798315719","0.5107521645021645","0.4674242424242424","0.9435643564356436","0.8263988898889888","0.4742920929601274","0.6526930138424297","0.5125918525918526","0.4583333333333333","0.9475247524752476","0.7904440444044405","0.4602022255126307","0.6333151003548243","0.5160955710955711","0.43106060606060603","0.9475247524752476"
"DRGEN-173","0.8247209556378834","0.4022972910192955","0.7439306674678385","0.2801556889450442","0.7636363636363637","0.7372648902821316","0.8234421012634179","0.4081150021552726","0.7490269767638962","0.28334606341722085","0.7545454545454546","0.7567528735632184","0.8006008359456637","0.3726424138092382","0.7197281531282858","0.25373783650188236","0.7181818181818183","0.7293887147335423","0.8092607105538139","0.3760171188604995","0.7259937101699833","0.254714590964591","0.7363636363636364","0.721342737722048","0.8159375890567112","0.39131605551434767","0.7211890537572649","0.27986742229229317","0.7000000000000001","0.7579545454545455","0.8151034245274058","0.4001071815811539","0.7425918537364389","0.27592997814684617","0.7545454545454546","0.7351619644723094","0.8258905671131377","0.41509351926588584","0.7530016900491956","0.2905370993030839","0.7545454545454546","0.759260710553814","0.8169926142300751","0.3937131160114832","0.7462006806136064","0.2661940654029594","0.7727272727272727","0.7259665621734588","0.8000457157784744","0.3779196120247435","0.723461350425822","0.25794629368158783","0.7363636363636364","0.7169017763845351","0.8192623729457585","0.4162896691968026","0.7425613716541112","0.2984709941656536","0.7363636363636364","0.7661833855799374"
"DRGEN-172","0.8340398499097559","0.5738849305505976","0.7742365976853715","0.5173717948717949","0.6545454545454545","0.9211990595611285","0.8486101215920965","0.5297869142351901","0.738579881337621","0.4768881337960285","0.6090909090909091","0.9155433646812957","0.8410753301035431","0.5394159760473335","0.752207898471255","0.484472592680797","0.6363636363636365","0.9120950888192267","0.8295502042367244","0.5341828718948394","0.7355990971325992","0.5138224577355012","0.5999999999999999","0.9108803552769069","0.8380218723282986","0.5345588440597515","0.7340762566190434","0.4885981781376517","0.6090909090909091","0.9201149425287356","0.8221323738956968","0.5434798937527573","0.7535208071096219","0.4833988723694606","0.6272727272727273","0.9155825496342738","0.8552478151420158","0.548131358553564","0.7474197134176135","0.516743672993673","0.6181818181818183","0.9224921630094045","0.8163549681770684","0.5179260305654828","0.748241023007199","0.458037084398977","0.6363636363636365","0.9008228840125391","0.8198483661062032","0.5321332049592918","0.7484337066195719","0.47627032410314146","0.6272727272727272","0.9075496342737722","0.8122067065640733","0.5116421709703743","0.7288927673041012","0.46242243867243865","0.5909090909090908","0.910958725182863"
"DRGEN-171","0.8195169516951696","0.43799930148671573","0.6550176294437277","0.4295330160036042","0.4749999999999999","0.9247524752475247","0.8445169516951696","0.5004773899935191","0.7154251185882513","0.4629160382101558","0.5628787878787878","0.9247524752475247","0.8489236423642363","0.49965792339705384","0.6939763163930798","0.4901864801864802","0.5174242424242423","0.9356435643564357","0.8224647464746473","0.45591919191919195","0.6772824857355807","0.42139660339660345","0.5136363636363636","0.918811881188119","0.8479072907290728","0.46354224270353306","0.6692732538604309","0.44831063673168936","0.4909090909090909","0.9297029702970298","0.8368061806180618","0.45917323814607347","0.6790369043789234","0.4227899877899878","0.5318181818181819","0.9178217821782176","0.8221684668466847","0.4433475998833642","0.671209849769581","0.4064148841354724","0.5068181818181817","0.9138613861386139","0.8323882388238824","0.46105554099944","0.6838746240420119","0.4300187166634535","0.5181818181818182","0.9168316831683168","0.8426567656765677","0.499031861574061","0.7047315924631895","0.46899891774891767","0.5446969696969697","0.9267326732673267","0.8028427842784278","0.4782092254422691","0.6993108598716471","0.4409398496240602","0.5462121212121211","0.9158415841584159"
"DRGEN-170","0.825067506750675","0.36975061131886666","0.7471735792676659","0.24412448275645757","0.7704545454545455","0.7297029702970297","0.8401252625262525","0.37822924506698524","0.753453882154256","0.25104727796302373","0.7833333333333334","0.7366336633663366","0.8353172817281729","0.37934725194059055","0.7606133978235043","0.24957433817323788","0.7984848484848486","0.7287128712871287","0.8222847284728474","0.3705505457332708","0.7497825230166517","0.24376508651257572","0.7787878787878788","0.7257425742574257","0.8235673567356736","0.39253204868491315","0.7661027102838115","0.2617159650840865","0.7901515151515152","0.7475247524752475","0.8354147914791479","0.38956430743039","0.7644660104290921","0.260350002521696","0.8","0.7346534653465346","0.8122112211221122","0.3663265911679597","0.7353805720532096","0.24553389429608483","0.7371212121212121","0.7425742574257426","0.8318181818181818","0.3918543883743906","0.7661929910092936","0.2605668342530859","0.7992424242424243","0.7396039603960396","0.8237023702370238","0.3733654986244896","0.7505956392693156","0.2467097719339805","0.7727272727272727","0.7306930693069307","0.8029215421542153","0.3535467420426804","0.7277816791876308","0.23316006138120207","0.7386363636363636","0.7237623762376237"
"DRGEN-154","0.8250801510401825","0.42569833688743586","0.6638817453404984","0.37785165814577576","0.4999999999999999","0.8925809822361547","0.8265869905956112","0.44629154467431303","0.6861365865262392","0.3873809523809523","0.5454545454545454","0.8903996865203763","0.811779828061176","0.45268361535880997","0.6834577812171975","0.4048048004626952","0.5272727272727273","0.8960292580982238","0.7993552294100883","0.43946798093349815","0.6724830530674207","0.4083414250867811","0.5181818181818181","0.8890673981191222","0.8128170418922771","0.4667378738758049","0.6807502534174943","0.4155903818403819","0.5363636363636364","0.9006922675026123","0.8164208701434406","0.47122845414899384","0.7036807546654071","0.4082163742690058","0.5636363636363635","0.896133751306165","0.8272240429372092","0.4243025658887728","0.6598019373182575","0.37690879382055853","0.5","0.8973354231974922","0.7961385009974352","0.450890892104814","0.6891678588891985","0.40225134385738104","0.5454545454545454","0.8951018808777429","0.801234326018809","0.4728208709265439","0.7022926261833108","0.4274518537018538","0.5636363636363636","0.8984195402298851","0.8051629144105634","0.4249460948899939","0.6599220736527908","0.37483176910808486","0.5","0.8939132706374086"
"DRGEN-153","0.8177893749406289","0.4517347233862686","0.69608402594563","0.3897801536269029","0.5545454545454546","0.8846525600835944","0.8097172746271493","0.44718825831588804","0.6871955930877967","0.38745357712462974","0.5454545454545454","0.8904258098223614","0.7967565545739526","0.43322709880634147","0.6699397966160243","0.3785012162759841","0.5181818181818182","0.8914576802507836","0.7904240286881353","0.4475613471275567","0.6914453649938015","0.39488328664799255","0.5545454545454545","0.8822230929989552","0.7997530160539565","0.4552196843206661","0.6916880419792564","0.3948533097449506","0.5454545454545455","0.8892763845350051","0.807009356891802","0.46277741288086116","0.6982818861999845","0.4028042863569179","0.5545454545454545","0.8949973876698014","0.816410183338083","0.4337358449202527","0.683355963907951","0.36779345310692063","0.5363636363636364","0.8847701149425287","0.7937410943288685","0.4231555827381598","0.6657306631289582","0.37479403164774683","0.509090909090909","0.8870950888192268","0.7924509594376367","0.44741627225602887","0.6848159073274986","0.39720430535647927","0.5454545454545454","0.8927246603970742","0.7923939631423957","0.43615027849323196","0.6732822274204227","0.3806746031746032","0.5181818181818182","0.8916274817136886"
"DRGEN-152","0.8115436543654365","0.3901693810981737","0.7191526468768401","0.28160056551810675","0.640151515151515","0.8138613861386139","0.8164341434143413","0.4034250225969983","0.7290891832839991","0.29536201218838787","0.6583333333333334","0.8198019801980199","0.8193106810681068","0.4208045455668546","0.7452915606857299","0.30700365690170783","0.675","0.8277227722772278","0.8065631563156316","0.37980634294737925","0.7031130605379753","0.27771504991035145","0.6121212121212121","0.8178217821782179","0.8143714371437143","0.38590858189962335","0.705547357282802","0.2836198801198801","0.6136363636363636","0.8237623762376238","0.818016801680168","0.4156180359763786","0.7320816644549188","0.31743857993857993","0.6606060606060606","0.8227722772277228","0.8061018601860186","0.37599351349038457","0.700645512199971","0.27628526903982725","0.6151515151515151","0.8148514851485149","0.809083408340834","0.4011631165783994","0.7190785601194243","0.2960936913963229","0.6325757575757576","0.8267326732673268","0.8103322832283227","0.40205090428774637","0.7285350167406183","0.2922027605464138","0.6575757575757575","0.8168316831683169","0.7933093309330933","0.375476542133488","0.7018105556590706","0.27273475714396433","0.6166666666666667","0.8148514851485149"
"DRGEN-151","0.8086708670867087","0.3824774255839724","0.7196163375684435","0.27154863654863653","0.6492424242424242","0.802970297029703","0.8183018301830183","0.4048763417373819","0.7322078331503186","0.2957496312486076","0.6666666666666667","0.8178217821782179","0.8111348634863486","0.40831697185997573","0.7367319764526261","0.2961536319431056","0.6666666666666667","0.8207920792079209","0.80492799279928","0.3923071205424146","0.716680178919741","0.2872709262453302","0.6378787878787877","0.8148514851485149","0.8116111611161116","0.3914437000393355","0.7213472088630046","0.28233138253827905","0.6492424242424242","0.8118811881188119","0.8147164716471649","0.39667465564928855","0.720992978478236","0.29610718017614573","0.6522727272727272","0.80990099009901","0.8014738973897391","0.3827599319297611","0.7112037708062108","0.27864955735612795","0.6325757575757576","0.8128712871287129","0.8106435643564357","0.41704028704028706","0.7383240816944108","0.3061724691079529","0.6681818181818182","0.8217821782178218","0.8082658265826582","0.3996678015144174","0.7311257864166826","0.28751089458569384","0.6666666666666666","0.808910891089109","0.7956645664566457","0.3963655462184874","0.7186951361106331","0.28921991449782813","0.6431818181818183","0.8168316831683169"
"DRGEN-149","0.8110786078607861","0.39803655342487176","0.7223547049181122","0.2895992479950501","0.640151515151515","0.8207920792079209","0.8183768376837683","0.41113789295070646","0.7321077798982413","0.30354259021874047","0.6583333333333334","0.8267326732673268","0.8175405040504049","0.4267806535789882","0.7469987079725288","0.31382286232286233","0.6742424242424243","0.8326732673267327","0.804950495049505","0.3951768359663096","0.7133084943551125","0.29244938636242984","0.6212121212121211","0.8277227722772278","0.8121062106210621","0.38331779330618343","0.7060462584117961","0.28084978145847705","0.6143939393939394","0.8207920792079209","0.8181593159315931","0.4119411583592936","0.7313591891474986","0.3111328846331734","0.6606060606060606","0.8227722772277228","0.8029815481548155","0.3876990109763729","0.7095718314506632","0.287038733196628","0.6234848484848485","0.8207920792079209","0.8103060306030603","0.40872863950263333","0.7250100908703542","0.30300285227759943","0.6416666666666666","0.8297029702970298","0.8145289528952894","0.4012344283274515","0.7253216122531849","0.29219738806750695","0.6492424242424244","0.8178217821782179","0.7991374137413741","0.3991776899129841","0.7172363157247006","0.2936087459451304","0.6340909090909091","0.8247524752475248"
"DRGEN-148","0.8303612140210885","0.5372161955691367","0.7113787087452111","0.5420612720612721","0.5454545454545454","0.9406347962382444","0.8338896409233401","0.48841018630492317","0.6559358752604398","0.5281060606060606","0.4727272727272728","0.948667711598746","0.8012343260188087","0.5229872534872535","0.6867911572354131","0.5690066877566877","0.509090909090909","0.9451280041797283","0.814805381400209","0.5291131815044858","0.6805115015818691","0.6006482080011492","0.49090909090909085","0.9507575757575758","0.8151859504132231","0.5086195783621413","0.6830963137094115","0.5288759047969575","0.5181818181818182","0.9406609195402298","0.8203162106963049","0.5563514950074377","0.7105557016228178","0.6059798534798535","0.5363636363636364","0.9497648902821316","0.8379530018048825","0.5508342500292964","0.7056179498263717","0.5877319902319902","0.5363636363636364","0.9498955067920585","0.834823548969317","0.5215853594564054","0.6932979420357865","0.546672077922078","0.5181818181818182","0.944056948798328","0.8277411655742377","0.5162534116433503","0.6824844470399785","0.570850815850816","0.509090909090909","0.9475182863113897","0.8321310677305975","0.46186249938571916","0.6442811903182504","0.5050854700854701","0.4545454545454545","0.9384404388714733"
"DRGEN-147","0.8135688568856887","0.37729739360648173","0.6456719640002053","0.33712842712842706","0.49924242424242415","0.8782178217821782","0.8205970597059705","0.42956129459275366","0.6993216868614904","0.35788924182113035","0.5651515151515152","0.8831683168316833","0.8303780378037804","0.4243479205775264","0.6815245577718854","0.369805306492613","0.5371212121212121","0.891089108910891","0.8113336333633363","0.39379007515305153","0.6418424486637537","0.35382558961506333","0.4704545454545454","0.8970297029702972","0.826995199519952","0.42740659400332104","0.6613235373016442","0.3940732959850607","0.49166666666666653","0.9118811881188119","0.8274977497749774","0.42294229199681854","0.6878968956141833","0.36267206377500494","0.5553030303030303","0.8881188118811881","0.8222734773477347","0.41152976396417174","0.6530100272777695","0.38396723646723646","0.49318181818181817","0.905940594059406","0.8203457845784576","0.43129611330698286","0.6913638643349346","0.365467646388699","0.5454545454545455","0.889108910891089","0.8200532553255325","0.41527333498570895","0.6563289650280724","0.3783139524584538","0.5","0.901980198019802","0.7957245724572457","0.41892450253868463","0.6811033052001643","0.3452072192513369","0.5446969696969697","0.8811881188118813"
"DRGEN-146","0.812068706870687","0.42481764612199396","0.6515364124309674","0.39425186741363216","0.4719696969696969","0.9188118811881187","0.8206645664566456","0.40716345734336745","0.6337210984135413","0.38526143790849676","0.4613636363636363","0.9158415841584159","0.8284878487848785","0.4355701544831979","0.6575154729150698","0.4046545284780579","0.48484848484848475","0.9217821782178218","0.8045079507950795","0.411405679111826","0.6393308196182309","0.38513570579747053","0.45378787878787874","0.9178217821782179","0.8159615961596162","0.42627440858325416","0.6404372246505707","0.40467086834733895","0.45681818181818173","0.918811881188119","0.8238073807380738","0.44055993078876377","0.6559985819942897","0.4094747899159664","0.4954545454545454","0.9237623762376238","0.7996512151215122","0.39721896383186706","0.6289392626729512","0.375541958041958","0.4499999999999999","0.9158415841584159","0.8226297629762976","0.3989620953008377","0.6191970038296473","0.3847058823529411","0.4318181818181818","0.917821782178218","0.8163591359135914","0.4103873577402989","0.6330044381154998","0.39543152925505864","0.44696969696969696","0.9217821782178218","0.7931368136813681","0.41127846653596273","0.6450726792104244","0.3664774114774114","0.475","0.9099009900990099"
"DRGEN-145","0.8313188705234159","0.5577770562770563","0.7184612026857757","0.5776323676323677","0.5545454545454545","0.9474660397074188","0.8158040039897407","0.4917814210039273","0.6863750430998928","0.48388278388278383","0.5272727272727272","0.9303683385579937","0.7940011399259048","0.5148655209524773","0.6999235163445249","0.5066017316017315","0.5363636363636364","0.9337382445141067","0.8069879832810866","0.5131150433555152","0.6762145555737805","0.5900427350427351","0.4909090909090909","0.943978578892372","0.8184299895506791","0.5275368716275971","0.7057936464949515","0.5315870240870241","0.5454545454545454","0.9359717868338556","0.8228834188277763","0.5434371184371184","0.727278500341938","0.5299633699633699","0.5727272727272726","0.9338557993730406","0.8418631851429657","0.5361538278654983","0.7029899853017092","0.5539446664446664","0.5363636363636364","0.9452847439916405","0.8180042984705995","0.5087966663048239","0.6977625656751714","0.4990102952602952","0.5363636363636364","0.9315047021943572","0.8192077514961529","0.5150635575867775","0.6958681233261121","0.5236960188933873","0.5363636363636364","0.9383881922675027","0.8219881020233684","0.5005080020312218","0.7028134581805798","0.4842644365438483","0.5454545454545455","0.9235370950888193"
"DRGEN-144","0.8374699969996999","0.28248545572074985","0.4067689294303502","0.5416666666666667","0.19393939393939394","0.985148514851485","0.8493474347434743","0.2784583063994829","0.3989270460903008","0.5449999999999999","0.1939393939393939","0.985148514851485","0.858487098709871","0.30719079939668176","0.444891499692811","0.6616666666666667","0.21136363636363636","0.9841584158415841","0.8387601260126012","0.3202380952380952","0.45516108715596626","0.6166666666666666","0.21893939393939393","0.9841584158415841","0.8436881188118811","0.24205128205128207","0.36110544702983105","0.43","0.1734848484848485","0.9831683168316833","0.8439356435643564","0.2791269841269841","0.38235377300904616","0.5230952380952381","0.19545454545454546","0.987128712871287","0.8384413441344135","0.29666890642896837","0.42061502806280143","0.6108333333333333","0.20303030303030303","0.985148514851485","0.8423754875487548","0.3098972922502334","0.44685442634408395","0.665","0.2121212121212121","0.985148514851485","0.8371512151215121","0.29121040723981906","0.41049918996360024","0.6283333333333333","0.20075757575757577","0.9841584158415841","0.8137676267626762","0.2893218623481781","0.41506768738203714","0.5964285714285713","0.20378787878787877","0.9821782178217822"
"DRGEN-143","0.8292848152370096","0.49340515693456866","0.6055976959033803","0.7321428571428571","0.39090909090909093","0.9816875653082551","0.8370879642823216","0.4343117408906883","0.5382403638593185","0.635","0.35454545454545455","0.981726750261233","0.7958624251923625","0.4599673202614379","0.5806314080141582","0.6903968253968253","0.35454545454545455","0.9783176593521421","0.817808967417118","0.4694862155388472","0.5891751680473611","0.7628205128205129","0.36363636363636365","0.9782523510971787","0.8200056996295242","0.46070616652458085","0.5882659797997214","0.6911904761904762","0.3727272727272727","0.9759796238244514","0.8294884582502137","0.49455612069389154","0.6117605555499503","0.7149206349206348","0.39090909090909093","0.9783568443051202","0.8420062695924765","0.5008875128998969","0.6121130422208984","0.701388888888889","0.39999999999999997","0.9806295715778475","0.8372791393559418","0.47467212526036046","0.6067118308158868","0.6726984126984127","0.3909090909090909","0.9703369905956114","0.8239105395649282","0.45204554893813204","0.5582727832157743","0.6683982683982684","0.3727272727272727","0.9806034482758621","0.8334669184003041","0.4572771672771673","0.5820613565434176","0.7209523809523809","0.3545454545454546","0.9783176593521421"
"DRGEN-138","0.8264626462646264","0.5209752823665866","0.716122522329765","0.5024941724941725","0.553030303030303","0.9356435643564357","0.8443144314431443","0.5083573962269614","0.7176588871606248","0.47983058608058615","0.5628787878787878","0.9267326732673267","0.8174504950495051","0.512232310024072","0.7145225676972911","0.4902962878195076","0.5553030303030304","0.9326732673267328","0.8295829582958296","0.5204089791046312","0.713138658948853","0.4990769034886681","0.5499999999999999","0.9376237623762377","0.8276852685268528","0.5088618048618049","0.7146934926737408","0.4741200466200467","0.5545454545454545","0.9267326732673267","0.82007200720072","0.5009555894567336","0.6917757300428174","0.4952734765234766","0.5196969696969698","0.9376237623762375","0.8041591659165916","0.47085401002506266","0.6682288567805319","0.49698357198357207","0.4916666666666666","0.9366336633663366","0.8243024302430243","0.5614001838486964","0.7363408116438096","0.55997557997558","0.5810606060606059","0.9445544554455445","0.8293691869186919","0.4950651111394449","0.6834412333405656","0.4932057416267942","0.509090909090909","0.9396039603960397","0.7963771377137714","0.4876118715044546","0.6740638454882177","0.5021722721722721","0.4916666666666667","0.9396039603960397"
"DRGEN-137","0.7997078939868908","0.49819892237224367","0.713076739917133","0.4532916756446168","0.5727272727272726","0.9098615464994776","0.747667307874988","0.47771564687581025","0.7066321714539946","0.42831774950196005","0.5727272727272728","0.9006922675026126","0.7717791156074856","0.49076914656224996","0.7092460055305383","0.44190009337068153","0.5636363636363637","0.9098092998955067","0.7692801842880213","0.4993611014445885","0.7029177251014513","0.48836813186813177","0.5454545454545455","0.9120689655172413","0.7786050156739812","0.49670858049539673","0.689972310898845","0.48474025974025975","0.5272727272727272","0.9177899686520377","0.7782760995535289","0.4911902044315838","0.7154670140467794","0.43610209235209235","0.5727272727272728","0.9074712643678161","0.782778213166144","0.4849489556125711","0.6902141437607909","0.46203916697337755","0.5272727272727271","0.9202194357366771","0.7866408995915265","0.4953214861334905","0.7106568039760655","0.4679972804972805","0.5727272727272726","0.909926854754441","0.7612668614040088","0.4653721031091056","0.6902561938066054","0.4224239567621921","0.5454545454545453","0.90651776384535","0.7963178018428803","0.5198935945001623","0.7288760905858386","0.47451545530492895","0.5909090909090908","0.9121081504702195"
"DRGEN-136","0.8191494149414942","0.4942981120747307","0.6274849442260232","0.6512698412698412","0.41439393939393937","0.9732673267326731","0.8316306630663066","0.4705825168983064","0.610159876337876","0.5856493506493506","0.40681818181818186","0.9702970297029703","0.8257988298829883","0.48317764107237793","0.6283496534050841","0.5808405483405483","0.4325757575757575","0.9653465346534652","0.828105310531053","0.4873881673881673","0.640178406043014","0.5491552891552891","0.44545454545454544","0.9594059405940593","0.825930093009301","0.46841105223727375","0.609873032567529","0.6118073593073593","0.3939393939393939","0.9683168316831683","0.8275352535253525","0.43756056808688387","0.587796265579643","0.5327777777777778","0.3795454545454545","0.9653465346534652","0.808479597959796","0.4742224107162188","0.6231307108928611","0.6227705627705628","0.4113636363636363","0.9663366336633663","0.8344059405940595","0.48308454960931746","0.6363520926924805","0.5672588522588522","0.4401515151515151","0.9613861386138615","0.8263013801380138","0.5217990832696715","0.6551602280502004","0.6311435786435786","0.4575757575757575","0.9702970297029705","0.8006450645064506","0.4491494294132603","0.6062568843610318","0.5449025974025974","0.39545454545454545","0.9613861386138612"
"DRGEN-134","0.7610169089009213","0.49255096296891965","0.6514399431688865","0.5493648018648019","0.4545454545454546","0.9485501567398119","0.7425637646053007","0.490021645021645","0.6729389555189889","0.5207434722140605","0.5","0.938296760710554","0.750073620214686","0.5106999280912324","0.685175213330037","0.5241142191142192","0.509090909090909","0.9417842215256007","0.7451285978911371","0.5293686868686869","0.680053712641301","0.611012379433432","0.4909090909090909","0.9519984326018809","0.7815486368386055","0.48656484629024666","0.6552241754178335","0.5395357420357421","0.4727272727272728","0.9452194357366771","0.7656039232449892","0.49865662470521804","0.6744511035759188","0.5158663558663559","0.4909090909090909","0.9429597701149426","0.7632670751401158","0.53140596589513","0.6838410186012686","0.6039425770308123","0.509090909090909","0.9544409613375132","0.7702995867768595","0.48438511356279557","0.6587396407400912","0.5255689245395128","0.4727272727272728","0.9441091954022991","0.7500748076375036","0.4635656565656565","0.6309986403164007","0.5172005772005772","0.43636363636363634","0.9498171368861023","0.766710007599506","0.5107127634633355","0.6918259386778262","0.514621212121212","0.5181818181818181","0.9371995820271681"
"DRGEN-133","0.8280453045304531","0.5112721417069243","0.7057483700418061","0.5003193701723114","0.5363636363636364","0.9356435643564357","0.835958595859586","0.4801859767197098","0.7049615898441411","0.4323285486443381","0.5583333333333333","0.9207920792079207","0.8086146114611461","0.47507252650730913","0.6861147098829485","0.44415381187440006","0.5204545454545455","0.9277227722772278","0.8224197419741974","0.47287972085385876","0.7088612848893598","0.41841377576671696","0.559090909090909","0.9089108910891088","0.8270027002700269","0.5228022417362747","0.7243587413977577","0.4906429844665139","0.5704545454545454","0.9267326732673267","0.8190519051905192","0.483709128341812","0.7021496356737642","0.4435643231037968","0.556060606060606","0.9188118811881187","0.8176305130513052","0.48262682056101136","0.6917370955261282","0.47049728049728046","0.528030303030303","0.9287128712871286","0.8181593159315932","0.47547036871174797","0.692079532851676","0.44515609142207613","0.5363636363636364","0.9237623762376238","0.8023589858985899","0.47773980392421167","0.6836698049935195","0.45325494766671237","0.5113636363636364","0.9297029702970298","0.8081533153315332","0.48821389305347324","0.687724641330093","0.4894457829751947","0.5174242424242425","0.9316831683168317"
"DRGEN-132","0.7882088914220576","0.5119368031747894","0.7120964438631981","0.48726149366629234","0.5636363636363637","0.9199973876698015","0.7808997102688325","0.519048387251654","0.7170081779994242","0.49690476190476185","0.5727272727272728","0.922387669801463","0.7564595801272918","0.5114183258733344","0.7201498908714693","0.4703810160427807","0.5818181818181819","0.9177899686520377","0.7701701576897502","0.512641861800347","0.7097768755455532","0.5081060606060606","0.5545454545454545","0.9188610240334377","0.780596323738957","0.5279864483342744","0.723795357605338","0.4938627334138169","0.5818181818181818","0.9235501567398119","0.7796428232164909","0.5160816124294386","0.7255431719178468","0.4710866013071896","0.5818181818181818","0.91673197492163","0.7994425049871758","0.5223035740427044","0.7183882155246352","0.4991730083641849","0.5636363636363635","0.9259012539184953","0.7895429609575377","0.4954716364716365","0.7086432911899034","0.45747252747252753","0.5636363636363637","0.9144592476489027","0.7714383252588581","0.5199423196049883","0.7268628310215212","0.47848650532474063","0.5818181818181818","0.9190047021943574","0.7806366961147526","0.51876496627337","0.7353634144190273","0.4658924082453494","0.6","0.9110109717868339"
"DRGEN-123","0.8371176498527595","0.5062971102971103","0.7333097656650314","0.44048166230054775","0.5999999999999999","0.9030041797283175","0.8437054716443431","0.5503108143649809","0.7585794482360975","0.49096861471861464","0.6363636363636365","0.9144200626959247","0.8392567920585161","0.5197158275119295","0.7329157903912591","0.465822192513369","0.6","0.912082027168234","0.8244229125106868","0.5148315505487242","0.7241307914481545","0.48722639933166245","0.5818181818181817","0.9085684430512015","0.8475657832240904","0.5335083807302697","0.7343453419442624","0.48595165799113166","0.6000000000000001","0.9143808777429466","0.8205738814477058","0.5351298114383669","0.7511072663283392","0.4774999999999999","0.6272727272727273","0.9076541274817138","0.8466247506412085","0.5263593803652118","0.7306594416209051","0.48766904663963484","0.5909090909090909","0.9213166144200627","0.8168067825591336","0.5086974269463509","0.7362445533460945","0.44883978766331706","0.6090909090909091","0.9030956112852666","0.8135568063075901","0.5286913463431453","0.7409743020841086","0.48115843307019784","0.609090909090909","0.9132706374085682","0.8178570580412273","0.49362928259479977","0.711352874167604","0.448037518037518","0.5636363636363637","0.9110240334378265"
"DRGEN-122","0.821873515721478","0.41786654871361895","0.7428173723531599","0.3011613123662356","0.7272727272727273","0.7749869383490072","0.8272994442861213","0.44643861446309885","0.759643979876596","0.32719483474901434","0.7272727272727273","0.8026776384535006","0.8115007836990596","0.46346721689280673","0.7643115362571398","0.34536928104575165","0.7181818181818183","0.8194487983281087","0.8163312197207182","0.4420910090318376","0.730386755606335","0.347884701253576","0.6636363636363637","0.8160788923719957","0.8151176736012159","0.4257772251027916","0.7347032557199451","0.3183514492753623","0.6818181818181819","0.8013192267502612","0.8287006032107913","0.46922640810848326","0.774834087366709","0.34683282043188934","0.7363636363636363","0.8231844305120166","0.8271634843735157","0.4304683458674898","0.741916114084076","0.31795622732138407","0.7000000000000001","0.8013192267502612","0.836150493967892","0.4536122962005315","0.7625859714927076","0.3374344047355414","0.7272727272727273","0.8117554858934168","0.8092820841645294","0.43134422694513974","0.7396055646348908","0.3199067025153982","0.6818181818181819","0.8138192267502612","0.8184264272822267","0.4427287802287802","0.7496373144924582","0.3302958186487598","0.7090909090909092","0.8084639498432603"
"DRGEN-121","0.8305430543054306","0.4949858655836916","0.7191697263526999","0.4523509861610549","0.5704545454545454","0.9138613861386139","0.8538253825382538","0.5139937357328661","0.714738685877041","0.4880205415499533","0.5537878787878788","0.9346534653465346","0.8541666666666667","0.5323326576804838","0.7265430241331259","0.5062301587301588","0.5712121212121212","0.9366336633663366","0.8358985898589859","0.49042314312929003","0.7043243678453155","0.4513733570351217","0.5416666666666666","0.9247524752475249","0.845064506450645","0.4883362030655712","0.7045693471411456","0.45829004329004325","0.543939393939394","0.9207920792079209","0.8516426642664268","0.49661227779763256","0.7091122439200184","0.461510989010989","0.5545454545454546","0.9257425742574258","0.8315594059405941","0.4685971040453799","0.7059889905168844","0.412518488376612","0.5621212121212121","0.908910891089109","0.8445319531953196","0.5276516299456409","0.7378440369487629","0.48559074912016087","0.5992424242424242","0.9257425742574258","0.8383588358835885","0.5259052574032019","0.7363170594033276","0.475845255106091","0.5969696969696969","0.9217821782178218","0.8147839783978398","0.4896751297438051","0.7207371753269582","0.42987476575711875","0.5803030303030303","0.910891089108911"
"DRGEN-120","0.8226860186018602","0.36800442601282934","0.7461995150623181","0.24238433311962723","0.7712121212121212","0.7247524752475247","0.8250037503750376","0.38513164326661026","0.7625110390468136","0.25492248056453815","0.8075757575757576","0.7306930693069307","0.8343459345934594","0.38539790536179386","0.7681855714608827","0.25304090645672045","0.8159090909090908","0.7287128712871287","0.8151890189018902","0.37625387216849904","0.75572985993215","0.2477991818664273","0.7893939393939393","0.7277227722772277","0.8249024902490248","0.3870947111587825","0.7643545271263459","0.2559364022341527","0.7992424242424243","0.7366336633663366","0.829005400540054","0.39236941799014224","0.7628361101581274","0.26392138283442634","0.7924242424242425","0.7396039603960396","0.8148327332733274","0.3614190160851223","0.7365554491766015","0.23880071216625506","0.7560606060606061","0.7247524752475247","0.8219809480948095","0.3918002743717429","0.7674587587548853","0.2600225034202738","0.8083333333333333","0.7346534653465346","0.8210958595859585","0.3805116155803975","0.7569007001037719","0.25198898978402584","0.7901515151515152","0.7277227722772277","0.7965234023402341","0.35958508829888547","0.7350983870514188","0.2367061747601653","0.7553030303030303","0.7217821782178218"
"DRGEN-114","0.8209270927092709","0.37476919336835857","0.7541095971120961","0.24662923416326316","0.7878787878787878","0.7257425742574257","0.8341659165916593","0.38458488204314656","0.766143111905378","0.2527671693449561","0.8174242424242424","0.7277227722772277","0.833978397839784","0.38895346939743664","0.7705020942375695","0.2562589880704503","0.8166666666666668","0.7316831683168317","0.8176530153015301","0.3828407292285073","0.7586484455587282","0.2539110358112806","0.7886363636363637","0.7336633663366336","0.8283040804080407","0.3887018738941591","0.7640986808209178","0.25821578002612483","0.7909090909090909","0.7425742574257426","0.8318856885688568","0.37313169677686775","0.7425436207988676","0.2504036684888246","0.7659090909090909","0.7306930693069307","0.8122412241224122","0.35999391188521623","0.7381196823981725","0.23643572303320726","0.7643939393939394","0.7188118811881188","0.8276402640264028","0.3957863601925002","0.7704492242108484","0.2632351544796284","0.8083333333333333","0.7396039603960396","0.8214746474647464","0.3733089362155905","0.7487660243303267","0.2472423461781214","0.7734848484848486","0.7277227722772277","0.8014926492649266","0.36743324352472095","0.7441841282900619","0.24177067296813512","0.7727272727272727","0.7237623762376237"
"DRGEN-113","0.8443444344434443","0.4966895055590708","0.7242954927490165","0.44484711367064306","0.5795454545454545","0.9158415841584159","0.8536978697869786","0.5279517397974749","0.7389925185346828","0.48168632837750486","0.5977272727272727","0.9277227722772278","0.8547854785478549","0.5475656243917113","0.7424738453128569","0.5187663398692811","0.5962121212121212","0.9336633663366337","0.8397764776477649","0.49433900082925575","0.708617227922357","0.45241111829347125","0.5499999999999999","0.9247524752475247","0.8431593159315932","0.4750840056162395","0.6969887312629311","0.43236569802746266","0.5356060606060606","0.9198019801980198","0.8484323432343235","0.48769859514687103","0.709855503462743","0.44222222222222224","0.5568181818181819","0.9198019801980198","0.8329245424542453","0.502193267002862","0.7178155655488127","0.4573159245295468","0.5712121212121212","0.9257425742574258","0.8335208520852084","0.4721664979596625","0.6796619937037143","0.4610774532485059","0.5083333333333333","0.9287128712871286","0.8474009900990099","0.5167242062156701","0.7294003568058143","0.4731390577946305","0.5878787878787878","0.9198019801980198","0.811086108610861","0.49928445649612696","0.7085210714443174","0.46836834733893556","0.553030303030303","0.9237623762376238"
"DRGEN-112","0.8240666856654316","0.4323801335641705","0.7512493201021868","0.3140349420400571","0.7272727272727273","0.7933124346917451","0.8221644343117698","0.4386678969585411","0.7590429049922092","0.3181196795356513","0.7363636363636364","0.7934691745036572","0.8069796713213642","0.4569369346147466","0.7567810844024543","0.34260484909060623","0.7000000000000001","0.8217737722048067","0.8090137266077704","0.437406074317839","0.7312116481110252","0.342796748408692","0.6727272727272728","0.8058516196447231","0.8185623871948323","0.4408530778600313","0.736809479398682","0.3361752642427195","0.6727272727272727","0.8217476489028213","0.8289315569487983","0.466287707906129","0.7776117714182457","0.34134459202370915","0.7545454545454545","0.808424764890282","0.8284007789493681","0.45189480001624754","0.7561637527652458","0.3366609467216428","0.7090909090909092","0.8173066875653081","0.837829509831861","0.45265349881718164","0.7554093327782475","0.34317096884360315","0.7090909090909092","0.8151776384535004","0.8033877172983755","0.4273326293767023","0.7423300564033273","0.3122740563530037","0.7000000000000001","0.8012147335423198","0.8101684952978057","0.44888236713191276","0.7483664612023044","0.3386975867269985","0.690909090909091","0.820977011494253"
"DRGEN-111","0.8437927472214305","0.5504517704517705","0.7666133095556947","0.48139162952630443","0.6545454545454545","0.9098092998955067","0.8526990120642157","0.548222049689441","0.7566212199821687","0.4908470695970696","0.6363636363636364","0.9132445141065831","0.8280433646812957","0.5368949617210486","0.7490918598621924","0.47477263448625673","0.6272727272727272","0.910919540229885","0.8249637836040657","0.5251635888807625","0.7309085919013526","0.4968142560054325","0.5909090909090908","0.9120167189132706","0.8252820129191603","0.5233333333333332","0.7321917801936138","0.47071410143004566","0.6","0.9109717868338558","0.8246841455305406","0.5551240611240611","0.7699777985682295","0.4854029458673422","0.6545454545454545","0.9121603970741902","0.8449896694214877","0.5407888564524719","0.734935169589217","0.5109107069401186","0.6000000000000001","0.9247910135841172","0.8158687185332955","0.5193519553819888","0.7429124133065312","0.46217245989304817","0.6181818181818182","0.9042450365726229","0.8177519711218771","0.5223443223443223","0.7436813829539446","0.4647162022703819","0.6181818181818182","0.9052638453500522","0.8256524888382255","0.5129634836261523","0.7357019125018794","0.4520022706052118","0.6","0.906439393939394"
"DRGEN-106","0.8227910291029102","0.36343627365244174","0.7469716604042087","0.23677269454949174","0.7886363636363637","0.7099009900990099","0.831469396939694","0.3749252755231584","0.7561191879594646","0.2459029716619728","0.8083333333333333","0.7188118811881188","0.8349647464746475","0.3833651513831985","0.7681108284244951","0.25101935741563397","0.8325757575757576","0.7138613861386138","0.8171917191719171","0.3752164377133088","0.7565038670433654","0.24622760721999998","0.7977272727272727","0.7207920792079208","0.831908190819082","0.39000845245077165","0.7723486082847251","0.2557460030040676","0.825","0.7277227722772277","0.8339596459645964","0.37337232940026965","0.747565300622676","0.2489193371546313","0.7825757575757577","0.7207920792079208","0.8168504350435043","0.3609785559817669","0.7427297576890913","0.23561494558333673","0.7818181818181819","0.7108910891089109","0.8209270927092709","0.3725050632853818","0.7541486341505143","0.24423169903436664","0.7992424242424243","0.7158415841584158","0.8242011701170118","0.37028546911985216","0.7491214812136879","0.2435200087602946","0.7901515151515152","0.7138613861386138","0.7991561656165617","0.36455521998936896","0.7436086035319847","0.23869165577349666","0.7818181818181819","0.7148514851485148"
"DRGEN-105","0.8370987098709872","0.4670345898479332","0.6944317607050605","0.4238644688644689","0.5348484848484849","0.914851485148515","0.8497674767476748","0.49504658385093164","0.7134527753848917","0.45212121212121215","0.5628787878787878","0.9237623762376238","0.8498499849984998","0.5226062778320844","0.7383856343691699","0.4779450666292771","0.5969696969696969","0.9217821782178218","0.8327707770777077","0.4719197592256547","0.701554450756636","0.4181635572889443","0.5484848484848485","0.9158415841584159","0.841164116411641","0.46932878881904366","0.6948385281737681","0.4269208650826298","0.5356060606060606","0.9158415841584159","0.8393339333933394","0.4848910724648472","0.7032966886803224","0.45374678683889214","0.5575757575757576","0.91980198019802","0.8271189618961896","0.4629066766566766","0.6983784347071935","0.4104029011923749","0.553030303030303","0.9118811881188119","0.84498199819982","0.5062795896913543","0.7370135247736022","0.4425100797894916","0.6083333333333334","0.910891089108911","0.8370949594959496","0.5046394817479598","0.7379355927081527","0.4359440267335004","0.6060606060606061","0.9099009900990099","0.8087758775877587","0.47579335606921813","0.7037745458544823","0.42466409235759084","0.5537878787878787","0.912871287128713"
"DRGEN-103","0.8352254915930464","0.544640061088337","0.7548658472022055","0.4896334384569679","0.6272727272727273","0.9154780564263323","0.8433462762420442","0.5186080006591686","0.729085533431301","0.47137635756056806","0.6","0.9132575757575758","0.8318686472879262","0.5241535172263492","0.7376484518901486","0.4732214680744093","0.6090909090909091","0.913244514106583","0.8315308254963428","0.5407325013159858","0.7427176142971149","0.5121242646242646","0.609090909090909","0.9120167189132706","0.8247868576042559","0.5143067946546207","0.722184409387026","0.4618985297468269","0.5909090909090909","0.9155433646812957","0.8283414078084924","0.5437609105869976","0.7535848713243222","0.4837954202660085","0.6272727272727273","0.9155433646812957","0.8480734064785789","0.5399845314328071","0.7501257010470959","0.4926377788877788","0.6272727272727273","0.9156347962382446","0.8238671986320888","0.528718674177599","0.7565465723012508","0.4618788390495552","0.6454545454545454","0.9019723092998957","0.8206136601120926","0.5315105641623633","0.7406002390717721","0.48491300366300366","0.609090909090909","0.9144070010449322","0.8201380972736771","0.5058226551060133","0.7271425108724923","0.45271284271284273","0.5909090909090908","0.9064524555903868"
"DRGEN-87","0.8238598859885988","0.3774636623880321","0.7599890657750812","0.24732354209071666","0.806060606060606","0.7198019801980198","0.8372374737473747","0.3921392799099569","0.7689509422648301","0.260285665945965","0.8181818181818181","0.7346534653465346","0.8413366336633663","0.3780680251165427","0.7609359900980611","0.24799105268976146","0.8068181818181819","0.7237623762376237","0.8271752175217522","0.3793589230273228","0.7608453905809909","0.24899740223703906","0.806060606060606","0.7227722772277227","0.8323882388238824","0.3815089141245443","0.7577343963899118","0.25255667687300315","0.7825757575757576","0.7386138613861386","0.8334458445844584","0.3777134084394608","0.7505034144176431","0.2521407954950958","0.7742424242424243","0.7346534653465346","0.8162541254125412","0.3473818830921015","0.7249746502866121","0.22785578723500657","0.7469696969696971","0.7118811881188118","0.8336708670867086","0.3919370797921897","0.7703484028263806","0.25934755419098254","0.8166666666666668","0.7306930693069307","0.8246812181218122","0.38190941695996455","0.7564020717281102","0.2539049416881948","0.7818181818181819","0.7336633663366336","0.8038366336633663","0.3630981383032382","0.7364609183406257","0.24006631467879863","0.7553030303030303","0.7237623762376237"
